gender,stroke_count,total_count,stroke_rate
Female,141,2987,0.04720455306327419
Male,108,2102,0.05137963843958135
Other,0,1,0
