ever_married,stroke_count,total_count,stroke_rate
No,29,1737,0.01669545192861255
Yes,220,3353,0.0656128839844915
